City_ID,City,Cloudiness,Country,Date,Humidity,Lat,Lng,Max Temp,Wind Speed
0,port lincoln,-34.7333,135.8667,54.5,67,78,5.01,AU,1657358160
1,castro,-24.7911,-50.0119,53.76,95,86,7.09,BR,1657358161
2,loikaw,19.6742,97.2094,79.23,78,100,3.62,MM,1657358161
3,codrington,-38.2667,141.9667,47.61,83,6,3.51,AU,1657358161
4,nossa senhora da gloria,-10.2183,-37.4203,63.7,95,38,4.45,BR,1657358162
5,nikolskoye,59.7035,30.7861,76.87,49,44,10.47,RU,1657358162
6,provideniya,64.3833,-173.3,50.54,86,100,4.76,RU,1657358162
7,east london,-33.0153,27.9116,76.14,29,0,2.3,ZA,1657358100
8,punta arenas,-53.15,-70.9167,32.11,80,40,6.91,CL,1657358163
9,butaritari,3.0707,172.7902,82.08,76,54,12.08,KI,1657358163
10,khandyga,62.6667,135.6,69.13,56,100,5.66,RU,1657358107
11,luderitz,-26.6481,15.1594,59.56,78,3,14.85,NA,1657358164
12,baykit,61.67,96.37,76.64,32,95,5.14,RU,1657358164
13,sorong,-0.8833,131.25,79.75,87,100,9.75,ID,1657358164
14,bundaberg,-24.85,152.35,52.21,78,0,6.44,AU,1657358164
15,kaitangata,-46.2817,169.8464,39.27,71,100,7.02,NZ,1657358164
16,ushuaia,-54.8,-68.3,29.86,100,100,18.41,AR,1657357938
17,bredasdorp,-34.5322,20.0403,65.7,40,12,5.77,ZA,1657358165
18,lavrentiya,65.5833,-171,49.06,83,100,6.08,RU,1657358165
19,albany,42.6001,-73.9662,61.41,85,1,3.15,US,1657358165
20,kavieng,-2.5744,150.7967,82.49,72,30,14.99,PG,1657358166
21,cape town,-33.9258,18.4232,64.11,63,0,13.8,ZA,1657358102
22,atuona,-9.8,-139.0333,77.86,79,3,15.97,PF,1657358166
23,flagstaff,35.1981,-111.6513,71.26,37,0,6.91,US,1657358166
24,richards bay,-28.783,32.0377,75.04,48,0,12.97,ZA,1657358095
25,hermanus,-34.4187,19.2345,62.56,61,70,5.3,ZA,1657358003
26,turayf,31.6725,38.6637,93.02,6,0,12.35,SA,1657357867
27,mataura,-46.1927,168.8643,41.49,91,100,0.78,NZ,1657358167
28,georgetown,5.4112,100.3354,91.35,62,20,6.91,MY,1657358167
29,kastrakion,39.7156,21.6181,75.2,54,63,7.43,GR,1657358168
30,aklavik,68.2191,-135.0107,50.4,80,20,14.79,CA,1657358168
31,qaanaaq,77.484,-69.3632,38.77,86,100,1.77,GL,1657358168
32,dunedin,-45.8742,170.5036,41.81,63,100,5.01,NZ,1657358130
33,cervo,43.6702,-7.4101,68.83,74,2,11.25,ES,1657358169
34,esperance,-33.8667,121.9,67.71,41,94,20.76,AU,1657358169
35,vaini,-21.2,-175.2,74.7,74,27,19.22,TO,1657358169
36,waipawa,-41.4122,175.5153,46.62,87,97,14.2,NZ,1657358170
37,ribeira grande,38.5167,-28.7,68.4,73,75,6.91,PT,1657358170
38,kieta,-6.2167,155.6333,78.1,76,78,4.94,PG,1657358170
39,tuktoyaktuk,69.4541,-133.0374,40.1,90,76,10.63,CA,1657358170
40,tessalit,20.1986,1.0114,101.14,6,14,8.5,ML,1657358171
41,rikitea,-23.1203,-134.9692,74.91,79,76,18.59,PF,1657358147
42,kapaa,22.0752,-159.319,79.12,83,100,16.11,US,1657358171
43,port lavaca,28.615,-96.6261,83.98,87,0,3.44,US,1657358171
44,yellowknife,62.456,-114.3525,66.72,52,75,10.36,CA,1657358171
45,chapais,49.7834,-74.8492,44.38,95,5,4.27,CA,1657358172
46,mahebourg,-20.4081,57.7,71.89,64,40,13.8,MU,1657358172
47,koumac,-20.5667,164.2833,76.53,82,37,3.4,NC,1657358172
48,marzuq,14.4,46.4667,80.69,37,100,12.97,YE,1657358172
49,bluff,-46.6,168.3333,41.81,59,100,15.14,NZ,1657358172
50,champerico,14.3,-91.9167,77.36,87,3,5.19,GT,1657358174
51,coihaique,-45.5752,-72.0662,35.55,100,100,3.44,CL,1657357959
52,eugene,44.0521,-123.0867,59.38,89,20,3.44,US,1657358174
53,solginskiy,61.05,41.3428,73.87,38,65,5.79,RU,1657358174
54,nova granada,-20.5339,-49.3142,61.05,61,5,6.55,BR,1657358174
55,kindu,-2.95,25.95,92.5,23,1,4.52,CD,1657358026
56,zharkent,44.1628,80,90.36,17,3,17.29,KZ,1657358160
57,moyale,3.5167,39.0584,70.9,51,87,18.32,KE,1657358175
58,longonjo,-12.9067,15.2533,74.26,27,36,5.03,AO,1657358175
59,kahului,20.8947,-156.47,78.82,74,75,16.11,US,1657358065
60,carnarvon,-24.8667,113.6333,72.82,48,0,13.78,AU,1657358175
61,puerto ayora,-0.7393,-90.3518,69.55,93,77,5.01,EC,1657358176
62,mezen,65.8522,44.24,66.94,44,88,8.46,RU,1657358176
63,hobart,-42.8794,147.3294,49.86,84,75,5.75,AU,1657358176
64,sangar,63.9242,127.4739,64.69,55,71,3.18,RU,1657358177
65,kharp,66.8014,65.8081,68.85,56,65,15.64,RU,1657358177
66,dingle,10.9995,122.6711,82.11,84,100,10.11,PH,1657358178
67,jasper,37.2001,-94.3502,75.25,86,0,3.44,US,1657358147
68,sawtell,-30.3833,153.1,48.22,87,99,5.75,AU,1657358178
69,longyearbyen,78.2186,15.6401,49.84,46,20,11.5,SJ,1657358178
70,yerbogachen,61.2767,108.0108,69.57,41,12,5.46,RU,1657358178
71,angren,41.0167,70.1436,84.36,18,96,8.21,UZ,1657358179
72,celestun,20.8667,-90.4,77.25,84,16,10.74,MX,1657358179
73,fare,-16.7,-151.0167,78.3,75,4,14.18,PF,1657358179
74,arraial do cabo,-22.9661,-42.0278,60.66,94,0,3.44,BR,1657358180
75,svay rieng,11.0879,105.7993,85.78,65,100,9.44,KH,1657358180
76,karachi,24.9056,67.0822,82.22,89,75,12.66,PK,1657357991
77,makakilo city,21.3469,-158.0858,75,80,100,10.36,US,1657357964
78,adrar,20.5022,-10.0711,94.98,23,0,17.81,MR,1657358180
79,la libertad,-2.2333,-80.9,68.14,85,100,9.51,EC,1657358180
80,ahuimanu,21.4447,-157.8378,76.19,84,75,10.36,US,1657358181
81,yanam,16.7333,82.2167,77.59,87,99,12.24,IN,1657358181
82,busselton,-33.65,115.3333,61.18,81,89,22.48,AU,1657358181
83,palaia fokaia,37.72,23.9463,80.76,62,3,20.76,GR,1657358182
84,kirakira,-10.4544,161.9205,79.25,82,74,7.83,SB,1657358182
85,malaya vishera,58.8454,32.2222,73.98,44,69,8.97,RU,1657358166
86,victoria,22.2855,114.1577,94.17,81,39,11.01,HK,1657357884
87,barrow,71.2906,-156.7887,39.22,87,0,11.5,US,1657358182
88,genhe,50.7833,121.5167,57.92,93,99,5.46,CN,1657358182
89,katsuura,35.1333,140.3,76.3,88,100,13.22,JP,1657358183
90,hasaki,35.7333,140.8333,82.29,84,100,12.57,JP,1657358183
91,constitucion,-35.3333,-72.4167,52.34,87,100,28.12,CL,1657358183
92,talnakh,69.4865,88.3972,53.67,92,100,8.48,RU,1657358184
93,pangnirtung,66.1451,-65.7125,45,82,99,2.46,CA,1657358184
94,torbay,47.6666,-52.7314,50.29,95,100,8.05,CA,1657358184
95,west wendover,40.7391,-114.0733,76.21,14,0,8.05,US,1657358184
96,caravelas,-17.7125,-39.2481,69.3,91,73,4.65,BR,1657358185
97,henties bay,-22.116,14.2845,60.64,75,0,6.85,NA,1657358185
98,jizan,17.3333,42.6667,97.74,22,100,6.53,SA,1657358185
99,mar del plata,-38.0023,-57.5575,50.09,91,100,25.01,AR,1657358160
100,port alfred,-33.5906,26.891,73.87,29,0,9.98,ZA,1657358186
101,tiznit,29.5833,-9.5,101.25,11,3,2.28,MA,1657358186
102,prabumulih,-3.45,104.25,89.74,51,10,4.41,ID,1657358186
103,chuy,-33.6971,-53.4616,55.09,95,100,11.43,UY,1657358187
104,podporozhye,60.9112,34.1706,70.72,57,65,4.23,RU,1657358187
105,santa teresa,10.2341,-66.6631,71.94,97,97,1.01,VE,1657358187
106,port elizabeth,-33.918,25.5701,80.31,31,0,6.91,ZA,1657357986
107,tucurui,-3.7661,-49.6725,70.23,89,20,2.8,BR,1657358022
108,yumen,40.2833,97.2,93.4,8,1,8.93,CN,1657358188
109,mitsamiouli,-11.3847,43.2844,78.22,61,1,9.46,KM,1657358188
110,pevek,69.7008,170.3133,35.46,97,100,4.99,RU,1657357981
111,calama,-22.4667,-68.9333,43.29,17,100,14.97,CL,1657358188
112,iracoubo,5.4802,-53.2011,75.06,93,77,5.12,GF,1657358189
113,thompson,55.7435,-97.8558,50.16,93,40,2.3,CA,1657358189
114,iguape,-24.7081,-47.5553,64.38,91,100,4,BR,1657358189
115,pisco,-13.7,-76.2167,54.01,94,4,3.44,PE,1657358189
116,sorland,67.667,12.6934,55.26,84,81,12.19,NO,1657358190
117,poya,-21.35,165.15,75.31,86,15,4.43,NC,1657358190
118,tuatapere,-46.1333,167.6833,37.92,77,100,3.27,NZ,1657358190
119,cabo san lucas,22.8909,-109.9124,81.61,61,100,12.17,MX,1657358190
120,kodiak,57.79,-152.4072,53.11,87,100,18.41,US,1657358190
121,la ronge,55.1001,-105.2842,62.85,94,75,2.3,CA,1657358190
122,narsaq,60.9167,-46.05,46.62,81,100,2.39,GL,1657358191
123,eshowe,-28.8865,31.4699,70.84,43,0,11.72,ZA,1657358191
124,aquidauana,-20.4711,-55.7872,65.53,46,5,3.74,BR,1657358191
125,elk grove,38.4088,-121.3716,68.11,73,0,5.75,US,1657358191
126,geraldton,-28.7667,114.6,72.01,68,100,18.41,AU,1657358192
127,takoradi,4.8845,-1.7554,77.86,83,100,11.63,GH,1657358192
128,horasan,40.0458,42.1728,78.66,40,0,3.06,TR,1657358192
129,bilibino,68.0546,166.4372,57.61,76,100,7.85,RU,1657358192
130,boda,4.3189,17.4695,82.27,64,61,6.85,CF,1657358193
131,verkhoyansk,67.5447,133.385,56.37,61,99,9.19,RU,1657358193
132,benghazi,32.1167,20.0667,81.95,71,0,13.96,LY,1657358194
133,khani,41.9563,42.9566,76.57,42,1,5.01,GE,1657358194
134,jamestown,42.097,-79.2353,61.05,90,2,4.56,US,1657358194
135,tona,41.8464,2.2251,84.72,47,0,3,ES,1657358194
136,zhangye,38.9342,100.4517,93.83,12,16,3.83,CN,1657358195
137,mount gambier,-37.8333,140.7667,44.51,93,40,0,AU,1657358195
138,kutum,14.2,24.6667,85.44,34,94,12.24,SD,1657358195
139,saint-francois,46.4154,3.9054,71.67,56,0,4.61,FR,1657358196
140,sal rei,16.1833,-22.9167,75.4,78,100,8.05,CV,1657358196
141,cidreira,-30.1811,-50.2056,61.66,90,100,23.42,BR,1657358196
142,alice springs,-23.7,133.8833,49.55,50,0,8.05,AU,1657358197
143,samarai,-10.6167,150.6667,81.84,79,15,11.34,PG,1657358197
144,upernavik,72.7868,-56.1549,34.88,96,98,11.36,GL,1657358197
145,solnechnyy,50.7214,136.6319,81.37,62,63,7.56,RU,1657358197
146,matara,5.9485,80.5353,85.64,67,100,17.74,LK,1657358197
147,pundaguitan,6.3711,126.1689,82.47,75,100,5.55,PH,1657358198
148,new norfolk,-42.7826,147.0587,49.5,83,77,1.21,AU,1657358198
149,manaus,-3.1019,-60.025,77.5,88,0,4.61,BR,1657358176
150,rabo de peixe,37.8,-25.5833,66.27,88,75,10.36,PT,1657358198
151,shakawe,-18.3667,21.85,73.31,32,0,7.49,BW,1657358199
152,seymchan,62.8833,152.4333,64.04,59,39,18.59,RU,1657358199
153,scottsbluff,41.8666,-103.6672,71.78,80,0,10.36,US,1657358199
154,buraydah,26.326,43.975,104.45,7,13,9.13,SA,1657358199
155,avarua,-21.2078,-159.775,73.45,60,75,8.05,CK,1657358199
156,general roca,-39.0333,-67.5833,42.03,50,0,5.93,AR,1657358200
157,kamyzyak,46.11,48.0736,91.38,24,0,13.42,RU,1657358200
158,kloulklubed,7.0419,134.2556,77.5,78,100,12.59,PW,1657358200
159,sao raimundo nonato,-9.0153,-42.6994,68.58,76,23,7.58,BR,1657358200
160,cairns,-16.9167,145.7667,69.75,80,75,11.5,AU,1657358201
161,zorritos,-3.6805,-80.6782,68.72,78,74,1.7,PE,1657358201
162,araouane,18.9048,-3.5265,100.58,9,1,8.41,ML,1657358201
163,rocha,-34.4833,-54.3333,53.44,94,100,17.54,UY,1657358202
164,sao joao da barra,-21.6403,-41.0511,68.5,92,6,4.12,BR,1657358202
165,hinton,53.4001,-117.5857,48.97,76,21,3.87,CA,1657358202
166,tasiilaq,65.6145,-37.6368,44.76,86,100,6.73,GL,1657358203
167,lebu,-37.6167,-73.65,51.42,91,100,26.06,CL,1657358203
168,ambilobe,-13.2,49.05,84.38,30,4,15.26,MG,1657358203
169,chokurdakh,70.6333,147.9167,52.36,42,100,11.3,RU,1657358204
170,muroto,33.2833,134.15,79.36,87,46,7.99,JP,1657358204
171,khasan,42.4308,130.6434,64.24,99,100,8.88,RU,1657358204
172,khatanga,71.9667,102.5,46.87,90,100,11.68,RU,1657358204
173,mattru,7.6244,-11.8332,75.52,93,99,1.79,SL,1657358205
174,vestmannaeyjar,63.4427,-20.2734,49.19,100,100,28.77,IS,1657358205
175,arawa,-6.2132,155.5367,75.38,82,75,3.94,PG,1657358205
176,cherskiy,68.75,161.3,41.63,82,100,12.44,RU,1657358206
177,maceio,-9.6658,-35.7353,69.24,94,40,2.3,BR,1657358072
178,broome,42.2506,-75.833,63.01,94,0,4.61,US,1657358206
179,ilulissat,69.2167,-51.1,50.02,57,0,1.14,GL,1657358206
180,vila velha,-20.3297,-40.2925,63.95,91,0,1.14,BR,1657357942
181,kruisfontein,-34.0033,24.7314,76.89,17,0,17.72,ZA,1657358207
182,hollister,36.8525,-121.4016,62.74,84,20,0,US,1657358207
183,preobrazheniye,42.9019,133.9064,67.05,85,74,10,RU,1657358207
184,anadyr,64.75,177.4833,47.28,94,100,15.14,RU,1657357980
185,ouango,4.3133,22.5552,84.97,64,66,3.02,CF,1657358208
186,pontes e lacerda,-15.2261,-59.3353,65.62,64,7,1.54,BR,1657358000
187,airai,-8.9266,125.4092,60.28,91,90,3.69,TL,1657358208
188,cayenne,4.9333,-52.3333,76.08,1,0,0,GF,1657358208
189,finsterwalde,51.6333,13.7167,62.19,65,84,10.45,DE,1657358209
190,prince rupert,54.3161,-130.3201,57.29,87,100,11.5,CA,1657358209
191,canchungo,12.0672,-16.0333,78.93,78,77,5.55,GW,1657358210
192,hunsur,12.3075,76.2878,76.62,95,100,9.22,IN,1657358210
193,tzucacab,20.0667,-89.05,72.28,99,85,2.15,MX,1657358210
194,namatanai,-3.6667,152.4333,80.49,72,11,11.12,PG,1657358210
195,avera,33.194,-82.5271,73.54,96,97,4.9,US,1657358210
196,saint-philippe,-21.3585,55.7679,74.79,70,64,16.73,RE,1657358211
197,dakar,14.6937,-17.4441,81.48,78,75,9.22,SN,1657358211
198,berlevag,70.8578,29.0864,53.4,93,100,10.36,NO,1657358211
199,tilichiki,60.4667,166.1,52.81,90,99,6.46,RU,1657358054
200,magalia,39.8121,-121.5783,65.95,41,0,5.66,US,1657358212
201,namibe,-15.1961,12.1522,70.63,67,4,9.28,AO,1657358212
202,sitka,57.0531,-135.33,57.09,88,100,0,US,1657358212
203,drumheller,51.4617,-112.7101,58.84,82,28,0,CA,1657358212
204,hamilton,39.1834,-84.5333,70.43,92,100,4,US,1657358213
205,aswan,24.0934,32.907,98.15,17,98,11.48,EG,1657357922
206,ndioum,16.5129,-14.6471,82.62,60,100,12.26,SN,1657358213
207,dehui,44.5333,125.7,78.57,59,0,9.22,CN,1657358053
208,fairbanks,64.8378,-147.7164,69.3,62,20,6.91,US,1657358214
209,doha,25.2867,51.5333,104.31,49,0,12.66,QA,1657357976
210,tsogni,-2.7942,10.0988,75.79,67,100,9.08,GA,1657358214
211,tornio,65.8481,24.1466,64.42,63,100,7.07,FI,1657358215
212,forestville,38.8451,-76.875,73.17,96,100,10.36,US,1657358215
213,mahon,39.8885,4.2658,82.96,42,0,16.11,ES,1657358094
214,hermsdorf,50.9,11.8667,67.42,86,69,9.37,DE,1657358215
215,jiangkou,25.4872,119.1986,86.79,73,99,11.72,CN,1657358216
216,nome,64.5011,-165.4064,57.27,77,0,3.44,US,1657358216
217,souillac,-20.5167,57.5167,71.98,64,40,13.8,MU,1657358216
218,filadelfia,39.9523,-75.1638,73.51,95,100,3.33,US,1657358099
219,ivybridge,50.3904,-3.9191,73.74,63,0,6.91,GB,1657358216
220,hofn,64.2539,-15.2082,49.66,87,100,4.05,IS,1657358217
221,linxia,35.6003,103.2064,84.83,40,60,2.91,CN,1657358217
222,hilo,19.7297,-155.09,80.28,92,100,3.44,US,1657358001
223,san luis,-33.295,-66.3356,45.55,64,0,6.04,AR,1657358217
224,parry sound,45.3501,-80.033,50.05,81,0,5.73,CA,1657358217
225,mackay,-21.15,149.2,53.69,63,0,11.74,AU,1657358218
226,kombissiri,12.0656,-1.3375,78.78,66,99,13.76,BF,1657358218
227,laramie,41.3114,-105.5911,62.96,70,0,8.05,US,1657358218
228,washougal,45.5826,-122.3534,64.94,83,0,11.5,US,1657358218
229,pierre,44.3683,-100.351,72.86,85,0,8.01,US,1657358219
230,ancud,-41.8697,-73.8203,47.23,92,100,9.24,CL,1657358219
231,roncesvalles,4.0108,-75.6049,49.1,91,100,1.92,CO,1657358219
232,kazlu ruda,54.7667,23.5,66.18,65,10,10.22,LT,1657358220
233,lompoc,34.6391,-120.4579,59.02,89,100,10,US,1657358220
234,copiapo,-27.3667,-70.3333,40.69,74,69,3.76,CL,1657358161
235,havre,49.5833,0.3333,76.19,78,0,5.75,FR,1657358061
236,amga,60.8953,131.9608,74.84,42,71,6.85,RU,1657358221
237,havre-saint-pierre,50.2334,-63.5986,48.56,100,75,8.05,CA,1657358221
238,inhambane,-23.865,35.3833,75.18,64,75,9.22,MZ,1657358221
239,grindavik,63.8424,-22.4338,52.27,87,100,23.02,IS,1657358222
240,uige,-7.6087,15.0613,82.49,27,100,4.5,AO,1657358222
241,riyadh,24.6877,46.7219,105.94,7,87,18.86,SA,1657358033
242,bilma,18.6853,12.9164,99.5,11,44,11.59,NE,1657358222
243,buala,-8.145,159.5921,80.73,75,95,9.75,SB,1657358222
244,hurghada,27.2574,33.8129,92.12,40,2,19.82,EG,1657358077
245,novoorsk,51.381,58.9813,77.65,47,85,4.68,RU,1657358223
246,marsa matruh,31.3525,27.2453,86.05,55,0,14.43,EG,1657358223
247,fortuna,40.5982,-124.1573,57.92,91,55,3.06,US,1657358223
248,lima,-12.0432,-77.0282,59.25,90,100,10.36,PE,1657358084
249,roma,43.2128,-75.4557,58.73,95,0,0,US,1657358224
250,semnan,35.5729,53.3971,97.14,14,46,10.36,IR,1657358102
251,beloha,-25.1667,45.05,76.21,41,0,9.06,MG,1657358224
252,kohima,25.6667,94.1167,77.02,82,57,2.04,IN,1657358224
253,saskylakh,71.9167,114.0833,61,56,82,11.86,RU,1657358225
254,gotsu,35,132.2167,80.47,84,0,5.44,JP,1657358225
255,sur,22.5667,59.5289,87.64,71,100,5.21,OM,1657358225
256,cockburn town,21.4612,-71.1419,81.36,78,29,22.28,TC,1657358226
257,plettenberg bay,-34.0527,23.3716,76.93,24,0,19.86,ZA,1657358104
258,nouakchott,18.0858,-15.9785,75.13,84,34,13.27,MR,1657358065
259,comodoro rivadavia,-45.8667,-67.5,49.86,43,0,14.97,AR,1657358110
260,norman wells,65.282,-126.8329,66.24,55,20,4.61,CA,1657358227
261,shahrud,36.4182,54.9763,88.88,21,60,14.99,IR,1657358223
262,fereydunshahr,32.941,50.121,86.45,15,1,8.41,IR,1657358227
263,bridgewater,44.3835,-64.5155,57.11,88,39,3.44,CA,1657358227
264,okhotsk,59.3833,143.3,63.43,73,88,8.16,RU,1657358227
265,cherrapunji,25.3,91.7,73.27,74,81,2.82,IN,1657358227
266,palkonda,18.6,83.75,82.98,78,100,3.8,IN,1657358228
267,faanui,-16.4833,-151.75,78.51,74,19,13.67,PF,1657358228
268,salalah,17.0151,54.0924,78.89,94,100,10.36,OM,1657358089
269,twin falls,42.3505,-114.6445,67.89,40,0,11.5,US,1657358228
270,jumla,29.2747,82.1838,63.64,97,100,4.43,NP,1657358228
271,vichuga,57.2128,41.9301,77.88,46,84,3.69,RU,1657358228
272,tema,5.667,-0.0166,81.01,83,75,14.97,GH,1657358228
273,margate,51.3813,1.3862,69.31,68,64,5.01,GB,1657358228
274,nizhniy odes,63.6445,54.856,73.54,38,49,7.49,RU,1657358228
275,touros,-5.1989,-35.4608,72.84,88,20,13.18,BR,1657358229
276,vila,42.0304,-8.1588,76.69,40,0,3.51,PT,1657358229
277,kamo,37.65,139.05,86.61,66,100,4.68,JP,1657358229
278,zyryanka,65.75,150.85,49.15,85,100,12.73,RU,1657358044
279,ullapool,57.8987,-5.1604,56.35,83,99,7.45,GB,1657358230
280,gimli,50.6336,-96.9907,68.02,64,72,9.22,CA,1657358230
281,macusani,-14.0833,-70.4333,30.81,92,97,3.33,PE,1657358230
282,hami,42.8,93.45,98.8,6,0,7.92,CN,1657358230
283,vila franca do campo,37.7167,-25.4333,67.19,73,50,9.66,PT,1657358231
284,lagoa,39.05,-27.9833,65.93,79,84,12.59,PT,1657358231
285,mehamn,71.0357,27.8492,51.75,93,20,3.44,NO,1657358231
286,baillif,16.0202,-61.7463,78.3,80,100,12.35,GP,1657358231
287,shakhta,59.0927,57.653,84.85,40,1,1.99,RU,1657358232
288,gat,31.61,34.7642,91.4,33,0,9.73,IL,1657358232
289,chahal,15.75,-89.5667,69.55,98,48,1.63,GT,1657358232
290,pochutla,15.7432,-96.4661,75.81,85,2,4.7,MX,1657358233
291,idrinskoye,54.3708,92.1358,76.44,46,96,4.12,RU,1657358233
292,carutapera,-1.195,-46.02,74.19,92,7,5.28,BR,1657358233
293,ust-maya,60.4167,134.5333,76.46,42,17,5.88,RU,1657358234
294,greenfield,42.9614,-88.0126,65.71,80,100,4.61,US,1657358234
295,nizhnevartovsk,60.9344,76.5531,84.22,45,0,8.95,RU,1657358234
296,zarubino,42.63,131.0922,63.64,98,100,10.67,RU,1657358234
297,sozimskiy,59.7418,52.2482,76.08,74,92,4.03,RU,1657358234
298,kirkwall,58.9848,-2.9587,53.65,82,75,17.27,GB,1657358057
299,lichuan,30.3,108.85,82.49,62,50,6.38,CN,1657358235
300,sembe,1.6481,14.5806,81.75,64,50,6.17,CG,1657358235
301,kaeo,-35.1,173.7833,55.33,94,2,6.22,NZ,1657358235
302,sambava,-14.2667,50.1667,76.06,61,5,18.39,MG,1657358235
303,morro bay,35.3658,-120.8499,63.48,91,100,1.05,US,1657358236
304,severo-yeniseyskiy,60.3725,93.0408,74.62,36,91,5.28,RU,1657358236
305,terra santa,-2.1042,-56.4869,72.07,97,50,2.51,BR,1657358237
306,goma,-1.6792,29.2228,71.38,57,94,4.21,CD,1657358237
307,dryden,49.7833,-92.7503,61.09,88,0,5.75,CA,1657358238
308,basoko,1.2391,23.616,89.06,39,87,2.44,CD,1657358238
309,auki,-8.7676,160.7034,77.52,82,89,5.75,SB,1657358238
310,camacha,33.0833,-16.3333,67.42,78,40,17.27,PT,1657358238
311,jupiter,26.9342,-80.0942,82.06,88,31,1.99,US,1657358238
312,excelsior springs,39.3392,-94.2261,75.97,94,100,4.61,US,1657358239
313,hirara,24.8,125.2833,86.27,79,75,10.36,JP,1657358239
314,tretten,61.3142,10.3007,61.77,44,98,5.19,NO,1657358239
315,dubti,11.7361,41.0853,90.21,40,99,13.91,ET,1657358239
316,villazon,-22.0866,-65.5942,36.16,48,27,6.69,BO,1657358239
317,pizarro,4.9533,-77.366,76.28,92,100,4.34,CO,1657358239
318,mahibadhoo,3.7833,72.9667,82.22,77,100,14.5,MV,1657358239
319,grand island,40.925,-98.342,70.09,92,0,1.01,US,1657358239
320,ponta do sol,32.6667,-17.1,82.71,55,1,2.33,PT,1657358239
321,ashcroft,50.7165,-121.2859,59.49,80,3,3.74,CA,1657358240
322,winneba,5.3511,-0.6231,77.13,85,100,10.56,GH,1657358240
323,kouango,4.9934,19.9619,83.79,67,88,4.34,CF,1657358240
324,bathsheba,13.2167,-59.5167,81.21,91,40,18.41,BB,1657358240
325,joshimath,30.5667,79.5667,73.83,96,99,3.58,IN,1657358240
326,guerrero negro,27.9769,-114.0611,66.25,88,24,11.95,MX,1657358240
327,tiksi,71.6872,128.8694,47.64,56,99,7.67,RU,1657358241
328,maltahohe,-24.8333,16.9833,66.88,24,0,16.2,NA,1657358241
329,mogadishu,2.0371,45.3438,78.58,72,2,22.3,SO,1657358241
330,hithadhoo,-0.6,73.0833,82.54,75,12,6.82,MV,1657358241
331,atlantis,-33.5667,18.4834,59.29,84,100,8.14,ZA,1657358241
332,nayoro,44.3506,142.4578,74.75,89,100,2.53,JP,1657358241
333,jiuquan,39.7432,98.5174,92.32,8,81,5.32,CN,1657358242
334,englehart,47.8169,-79.8664,46.42,100,0,2.3,CA,1657358242
335,arlit,18.7369,7.3853,99.95,12,12,15.23,NE,1657358242
336,lokoja,7.8024,6.743,82.58,70,75,5.1,NG,1657358242
337,port blair,11.6667,92.75,84.24,79,100,11.5,IN,1657358242
338,sulina,45.1559,29.6536,79.07,51,100,16.46,RO,1657358243
339,ayat,52.8228,62.5164,80.31,35,91,5.12,KZ,1657358243
340,varvoru,44.2333,23.6333,67.57,85,100,10.16,RO,1657358243
341,nantes,47.1667,-1.5833,76.69,53,0,5.75,FR,1657357998
342,mecca,21.4267,39.8261,100.53,13,72,9.15,SA,1657358244
343,abu zabad,12.35,29.25,82.47,61,100,15.21,SD,1657358245
344,ahipara,-35.1667,173.1667,57.4,92,1,8.14,NZ,1657358245
345,garissa,-0.4536,39.6401,85.55,35,26,23.51,KE,1657358245
346,grandview,38.8858,-94.533,75.78,88,100,9.22,US,1657358246
347,oussouye,12.485,-16.5469,77.18,75,94,8.05,SN,1657358246
348,malanje,-9.5402,16.341,76.71,24,100,6.51,AO,1657358246
349,rundu,-17.9333,19.7667,72.19,25,0,9.22,NA,1657358246
350,portland,45.5234,-122.6762,65.08,79,75,11.5,US,1657358246
351,garut,-7.2024,107.8878,73.35,74,46,5.53,ID,1657358247
352,egvekinot,66.3167,-179.1667,40.32,98,100,8.7,RU,1657358222
353,bogovarovo,58.9785,47.0246,79.38,41,70,3.71,RU,1657358247
354,shimoda,34.6667,138.95,78.1,88,100,9.69,JP,1657358247
355,nyanguge,-2.55,33.2,76.93,42,7,11.68,TZ,1657358247
356,chifeng,42.2683,118.9636,88.09,24,47,9.89,CN,1657358248
357,yarmouth,41.7057,-70.2286,69.96,90,0,6.91,US,1657358248
358,wahiawa,21.5028,-158.0236,73.2,81,100,3.44,US,1657358248
359,ixtapa,20.7,-105.2,76.23,94,100,4.61,MX,1657358248
360,lluta,-16.0147,-72.0142,44.6,33,10,0.56,PE,1657358249
361,smithers,54.7804,-127.1743,53.92,82,100,0,CA,1657358249
362,batagay-alyta,67.8006,130.4114,59.86,53,25,14.58,RU,1657358249
363,wasilla,61.5814,-149.4394,60.89,65,100,11.5,US,1657358249
364,wawa,9.9022,4.4192,83.16,62,99,9.28,NG,1657358250
365,san patricio,28.017,-97.5169,84.88,90,2,7,US,1657358250
366,hare bay,48.8499,-54.0148,54.75,74,51,3.69,CA,1657358250
367,bengkulu,-3.8004,102.2655,83.91,69,18,9.8,ID,1657358250
368,visakhapatnam,17.69,83.2093,85.89,74,75,8.05,IN,1657358250
369,sao filipe,14.8961,-24.4956,73.44,83,46,6.4,CV,1657358064
370,krasnyy kurgan,43.9422,42.6108,81.48,65,5,6.4,RU,1657358251
371,morehead,37.2711,-87.1764,73.15,97,100,0,US,1657358251
372,marand,38.4329,45.7749,85.93,23,4,0.83,IR,1657358251
373,dikson,73.5069,80.5464,33.51,86,96,11.77,RU,1657358252
374,ngunguru,-35.6167,174.5,56.48,86,1,8.93,NZ,1657358252
375,kon tum,14.35,108,73.71,93,100,1.59,VN,1657358252
376,lerici,44.0759,9.9112,81.75,44,0,4,IT,1657358252
377,batemans bay,-35.7167,150.1833,56.1,72,83,10.07,AU,1657358252
378,san quintin,30.4833,-115.95,65.41,89,28,9.08,MX,1657358253
379,labuhan,-6.8844,112.2051,83.95,58,26,4.41,ID,1657358253
380,suntar,62.1444,117.6319,71.55,58,93,3.4,RU,1657358253
381,isangel,-19.55,169.2667,75.45,82,2,6.46,VU,1657358253
382,noyabrsk,63.1994,75.4507,86.43,40,14,16.31,RU,1657358254
383,sarakhs,36.5449,61.1577,98.74,14,0,6.91,IR,1657358244
384,mandalgovi,45.7625,106.2708,76.46,22,83,13.02,MN,1657358254
385,ponca city,36.707,-97.0856,75.88,86,0,4.61,US,1657358254
386,halifax,44.6453,-63.5724,58.89,84,53,3.44,CA,1657358254
387,tutoia,-2.7619,-42.2744,73.27,89,49,7.87,BR,1657358255
388,petropavlovka,50.6114,105.3196,70.72,49,99,1.03,RU,1657358255
389,brae,60.3964,-1.353,52.5,73,100,16.82,GB,1657358255
390,haines junction,60.7522,-137.5108,42.75,87,13,1.14,CA,1657358256
391,vuktyl,63.8567,57.3094,79.61,30,55,9.75,RU,1657358104
392,port moresby,-9.4431,147.1797,77.41,89,29,10.78,PG,1657358256
393,chicama,-7.8447,-79.1469,59.54,87,88,3.33,PE,1657358256
394,maneadero,31.7167,-116.5667,65.79,74,2,5.57,MX,1657358257
395,boralday,43.3578,76.8594,87.66,22,75,2.24,KZ,1657358257
396,terrace bay,48.7834,-87.1,46.89,84,13,3.89,CA,1657358257
397,alofi,-19.0595,-169.9187,71.49,94,73,6.91,NU,1657358258
398,pastavy,55.1168,26.8326,63.9,69,100,5.97,BY,1657358258
399,shiyan,32.6475,110.7781,91.42,40,16,12.26,CN,1657358258
400,soe,-9.8607,124.284,64.51,95,100,3.98,ID,1657358258
401,izhma,65.0083,53.9113,75.99,28,8,6.38,RU,1657358259
402,clyde river,70.4692,-68.5914,37.63,87,0,2.3,CA,1657358259
403,deputatskiy,69.3,139.9,39.09,94,100,4.94,RU,1657358259
404,biskupiec,53.8647,20.9569,64.22,61,97,10.96,PL,1657357961
405,chara,56.9064,118.2631,54.45,86,100,4.5,RU,1657358260
406,severo-kurilsk,50.6789,156.125,54,93,52,11.92,RU,1657358260
407,sigli,5.3848,95.9609,87.03,65,100,6.06,ID,1657358260
408,te anau,-45.4167,167.7167,34.02,87,100,7.29,NZ,1657358261
409,nuuk,64.1835,-51.7216,38.01,100,100,9.22,GL,1657358261
410,tsuyama,35.05,134,82.83,94,49,2.15,JP,1657358261
411,puerto leguizamo,-0.1934,-74.7819,69.82,100,100,1.61,CO,1657358261
412,broken hill,-31.95,141.4333,49.93,52,40,12.08,AU,1657358262
413,lorengau,-2.0226,147.2712,81.3,82,72,10.25,PG,1657358262
414,nangong,37.3581,115.3744,99.81,36,100,7.9,CN,1657358262
415,harper,4.375,-7.7169,76.23,82,100,12.01,LR,1657358262
416,bandarbeyla,9.4942,50.8122,88.57,41,80,33.46,SO,1657358262
417,vao,-22.6667,167.4833,74.91,84,0,11.77,NC,1657358263
418,petropavlovsk-kamchatskiy,53.0452,158.6483,68.11,79,100,1.5,RU,1657358074
419,dungarpur,23.8333,73.7167,89.83,55,99,14.03,IN,1657358248
420,saint-joseph,-21.3667,55.6167,73.78,65,43,17.78,RE,1657358263
421,shinshiro,34.9,137.5,80.37,89,100,4.54,JP,1657358263
422,maturin,9.75,-63.1767,71.74,99,89,3.6,VE,1657358263
423,klaksvik,62.2266,-6.589,50.92,80,100,7.7,FO,1657358263
424,sheltozero,61.3667,35.3667,65.01,68,89,6.06,RU,1657358264
425,impfondo,1.6381,18.0667,81.54,64,98,4.21,CG,1657358264
426,khuzhir,53.1939,107.3397,63.27,52,52,8.81,RU,1657358264
427,yar-sale,66.8333,70.8333,72.82,42,23,23.58,RU,1657358264
428,ibra,22.6906,58.5334,84.78,68,100,5.77,OM,1657358264
429,paralimni,35.0375,33.9833,93.69,84,0,10,CY,1657358264
430,padang,-0.9492,100.3543,86.05,69,50,5.46,ID,1657358264
431,cabrera,19.6426,-69.9049,78.28,83,100,12.91,DO,1657358264
432,rosa zarate,0.3333,-79.4667,71.15,96,93,2.24,EC,1657358264
433,surgut,61.25,73.4167,87.98,43,0,13.42,RU,1657358105
434,amlagora,22.8333,87.3333,93.43,50,78,14.56,IN,1657358264
435,iralaya,15,-83.2333,79.88,84,87,10.58,HN,1657358265
436,bereda,43.2686,-7.5406,80.42,89,2,3.89,ES,1657358265
437,maldonado,-34.6667,-54.9167,54.79,92,100,14.74,UY,1657358265
438,dalvik,65.9702,-18.5286,48.13,60,100,4.7,IS,1657358265
439,sinnamary,5.3833,-52.95,75.85,90,47,5.55,GF,1657358265
440,abha,18.2164,42.5053,82.22,18,20,12.66,SA,1657358265
441,menongue,-14.6585,17.691,73.83,25,2,8.57,AO,1657358265
442,adolfo lopez mateos,28.4667,-107.3,60.71,78,65,5.17,MX,1657358266
443,beian,63.6559,9.5683,51.01,93,75,17.27,NO,1657358266
444,nanortalik,60.1432,-45.2371,43.81,90,100,2.95,GL,1657358266
445,pantai remis,4.4557,100.6288,93.22,64,99,7.25,MY,1657358267
446,babayurt,43.6002,46.7789,95.45,18,53,20.67,RU,1657358267
447,sola,-13.8833,167.55,80.98,74,26,18.52,VU,1657358267
448,saint george,37.1041,-113.5841,82.99,24,0,5.75,US,1657358267
449,svatove,49.4103,38.1503,87.26,28,83,7.54,UA,1657358268
450,bethel,41.3712,-73.414,70.16,82,0,4.61,US,1657358269
451,karratha,-20.7377,116.8463,71.76,30,5,9.37,AU,1657358269
452,vallenar,-28.5708,-70.7581,50.7,76,0,3.18,CL,1657358269
453,minab,27.1467,57.0801,98.51,46,10,15.01,IR,1657358214
454,iqaluit,63.7506,-68.5145,37.13,93,75,4.61,CA,1657358270
455,asau,46.4333,26.4,72.52,49,100,13.27,RO,1657358270
456,college,64.8569,-147.8028,68.29,61,75,6.91,US,1657358270
457,langenburg,49.2544,9.8458,72.84,58,20,8.05,DE,1657358270
458,saldanha,-33.0117,17.9442,61.2,67,100,10.85,ZA,1657358270
459,san matias,-16.3667,-58.4,68.25,53,55,3.62,BO,1657358270
460,san jose,37.3394,-121.895,62.49,82,0,1.99,US,1657358146
461,talcahuano,-36.7167,-73.1167,51.48,93,100,31.07,CL,1657358163
462,roquetas de mar,36.7642,-2.6148,87.8,47,0,12.82,ES,1657358130
463,nhulunbuy,-12.2333,136.7667,74.01,68,40,13.8,AU,1657358270
464,olafsvik,64.8945,-23.7142,48.63,90,100,15.37,IS,1657358270
465,soyo,-6.1349,12.3689,75.33,71,81,8.52,AO,1657358270
466,jutai,-5.1833,-68.9,70.41,95,13,1.81,BR,1657358270
467,vardo,70.3705,31.1107,49.98,87,100,4.61,NO,1657358271
468,prokopyevsk,53.9059,86.719,77.77,41,100,8.59,RU,1657358271
469,bousso,10.4795,16.7117,78.98,60,100,10.54,TD,1657358271
470,ishigaki,24.3448,124.1572,86.13,84,75,10.36,JP,1657358271
471,bela vista,-22.1089,-56.5211,64.36,49,16,5.73,BR,1657358271
472,daru,-9.0763,143.2092,77.45,90,99,15.64,PG,1657358272
473,logan lake,50.4998,-120.8025,51.64,83,2,4.79,CA,1657358272
474,yaan,7.3833,8.5667,78.67,80,100,4.36,NG,1657358272
475,kununurra,-15.7667,128.7333,75.18,25,7,6.91,AU,1657358272
476,mala,-12.6581,-76.6308,60.48,85,35,4.07,PE,1657358272
477,shar,49.5886,81.0453,73.4,48,83,8.99,KZ,1657358273
478,humaita,-7.5061,-63.0208,73.38,72,28,1.72,BR,1657358273
479,paita,-5.0892,-81.1144,62.24,89,65,8.46,PE,1657358273
480,tatarsk,55.219,75.9828,77.58,53,93,11.16,RU,1657358273
481,porto novo,6.4965,2.6036,74.68,95,100,9.15,BJ,1657358035
482,jiexiu,37.0244,111.9125,93.47,36,90,6.42,CN,1657358274
483,mega,4.05,38.3,65.68,51,59,20.54,ET,1657358274
484,lata,40.1629,-8.3327,87.49,36,0,3.04,PT,1657358275
485,abu dhabi,24.4667,54.3667,100.51,50,0,4.61,AE,1657358206
486,mokhsogollokh,61.4681,128.9203,68.95,47,100,5.97,RU,1657358275
487,sarangani,5.4033,125.4636,83.52,74,97,10.94,PH,1657358276
488,vangaindrano,-23.35,47.6,71.11,63,90,7.45,MG,1657358276
489,inuvik,68.3499,-133.7218,56.26,94,100,9.22,CA,1657358277
490,abu samrah,35.3029,37.1841,93.52,23,0,12.88,SY,1657358277
491,foam lake,51.65,-103.5343,71.62,94,69,10.04,CA,1657358277
492,lasa,46.6166,10.7002,70.7,38,13,4.32,IT,1657357994
493,eureka,40.8021,-124.1637,58.19,81,71,2.57,US,1657358220
494,orsta,62.2029,6.1272,53.22,87,75,9.22,NO,1657358278
495,zhigalovo,54.8097,105.1578,67.51,65,100,10.25,RU,1657358279
496,yenagoa,4.9247,6.2642,79.86,82,95,9.42,NG,1657358280
497,pemangkat,1.1667,108.9667,85.53,69,81,13.38,ID,1657358280
498,sao miguel do araguaia,-13.275,-50.1628,67.01,52,1,4.92,BR,1657358280
499,port macquarie,-31.4333,152.9167,48.88,73,1,10.76,AU,1657358280
500,san martino buon albergo,45.4217,11.0969,79.59,50,0,9.22,IT,1657358280
501,umm kaddadah,13.6017,26.6876,84.11,49,100,11.3,SD,1657358280
502,sandovo,58.4602,36.4128,70.2,67,56,5.99,RU,1657358281
503,ponta delgada,37.7333,-25.6667,67.5,88,75,10.36,PT,1657358281
504,sojitra,22.55,72.7167,88.77,61,89,15.61,IN,1657358281
505,kitimat,54.0524,-128.6534,58.91,22,100,2.84,CA,1657358281
506,haapsalu,58.9431,23.5414,70.99,62,100,10.09,EE,1657358281
507,ati,13.2154,18.3353,85.51,46,92,7.76,TD,1657358281
508,trelew,-43.249,-65.3051,50.07,29,42,14.65,AR,1657358114
509,gurupi,-11.7292,-49.0686,68.22,53,0,6.85,BR,1657358107
510,zhigansk,66.7697,123.3711,53.69,82,100,7.85,RU,1657358282
511,srednekolymsk,67.45,153.6833,48.92,89,100,13.91,RU,1657358282
512,itaituba,-4.2761,-55.9836,70.61,98,62,2.01,BR,1657358028
513,bac lieu,9.285,105.7244,84.63,71,100,12.39,VN,1657358283
514,sai buri,6.7013,101.6168,85.71,69,100,6.29,TH,1657358283
515,raymondville,26.4815,-97.7831,78.91,89,7,6.06,US,1657358283
516,venado tuerto,-33.7456,-61.9688,48.76,86,4,5.73,AR,1657358284
517,grand gaube,-20.0064,57.6608,72,75,62,7,MU,1657358284
518,pregradnoye,45.8218,41.7469,89.15,23,99,15.35,RU,1657358284
519,duluth,46.7833,-92.1066,55.2,86,0,0,US,1657358284
520,great yarmouth,52.6083,1.7305,68.45,70,99,15.3,GB,1657358174
521,bumba,2.1833,22.4667,88.65,44,95,3.11,CD,1657358285
522,shahpura,27.3833,75.9667,92.73,47,100,0.89,IN,1657358285
523,ottumwa,41.02,-92.4113,70.34,94,0,6.91,US,1657358285
524,altay,47.8667,88.1167,81.77,21,98,15.46,CN,1657358285
525,loa janan,-0.583,117.095,78.03,91,100,3.33,ID,1657358286
526,srivardhan,18.0333,73.0167,78.48,87,100,14.23,IN,1657358286
527,mantua,45.1667,10.7833,83.08,55,2,5.99,IT,1657358286
528,yulara,-25.2406,130.9889,54.1,40,0,8.61,AU,1657358287
529,kiruna,67.8557,20.2251,56.32,58,75,4.61,SE,1657358287
530,noumea,-22.2763,166.4572,79,99,5,5.66,NC,1657358287
531,nishihara,26.1842,127.7558,89.65,76,75,13.8,JP,1657358287
532,katherine,-14.4667,132.2667,73.72,31,8,6.91,AU,1657358287
533,ostrovnoy,68.0531,39.5131,53.53,81,96,11.27,RU,1657358288
534,meulaboh,4.1363,96.1285,84.85,66,96,6.51,ID,1657358288
535,sheridan,44.8333,-106.9173,70.47,51,0,3.44,US,1657358288
536,sawakin,19.1059,37.3321,101.5,32,94,15.9,SD,1657358280
537,manta,-0.95,-80.7333,69.94,90,96,10.74,EC,1657358290
538,qasigiannguit,68.8193,-51.1922,50.25,79,64,4.45,GL,1657358290
539,naze,28.3667,129.4833,83.32,87,100,10.8,JP,1657358290
540,dawson creek,55.7666,-120.2362,53.17,68,6,10.04,CA,1657358011
541,kodinar,20.7903,70.7031,80.56,86,100,19.06,IN,1657358290
542,kerema,-7.9631,145.7785,79.29,86,100,2.98,PG,1657358290
543,lazi,48.0667,24.2333,66.38,71,53,4.16,UA,1657358291
544,san andres,12.5847,-81.7006,82.42,78,75,14.97,CO,1657358291
545,zaraza,9.3503,-65.3245,71.62,98,99,2.33,VE,1657358291
546,baft,29.234,56.6057,92.16,9,7,10.25,IR,1657358291
547,minot,48.2325,-101.2963,70.02,83,0,4.61,US,1657358291
548,russell,32.3502,-85.1999,75.38,94,40,0,US,1657358291
549,nivala,63.9167,24.9667,67.68,52,100,3.78,FI,1657358291
550,atasu,48.6814,71.6433,72.88,42,94,15.01,KZ,1657358292
551,raga,8.4596,25.678,74.32,80,100,4.43,SS,1657358292
552,isagarh,24.8333,77.8833,92.52,48,100,3.62,IN,1657358292
553,greenville,35.6127,-77.3663,76.95,97,100,3.44,US,1657358292
554,jerantut,3.936,102.3626,93.31,48,80,1.99,MY,1657358293
555,jishou,28.3167,109.7167,94.46,59,32,4.52,CN,1657358172
556,wiang sa,8.6359,99.3666,77.13,91,100,8.37,TH,1657358293
557,tori fatehpur,25.45,79.1333,101.8,32,100,9.04,IN,1657358293
558,laguna,38.421,-121.4238,68.18,74,0,5.75,US,1657358294
559,tautira,-17.7333,-149.15,76.64,79,32,17.43,PF,1657358294
560,tsabong,-26.0217,22.401,66.67,35,0,22.32,BW,1657358294
561,bridlington,54.0831,-0.1919,67.93,72,83,9.48,GB,1657358294
